{
  "best_model": "hist_gradient_boost",
  "metrics": {
    "elastic_net": {
      "r2": 0.6350363306587394,
      "mae": 49632.96751758403,
      "rmse": 69155.74228048824,
      "mape": 28.828258053576967
    },
    "hist_gradient_boost": {
      "r2": 0.8392491534998483,
      "mae": 30175.453583401322,
      "rmse": 45896.552431922755,
      "mape": 17.00599164559221
    }
  }
}